12036,12.03555458,702717.78639400005340576,713290.71533000003546476,7754715.97233999986201525,7760466.42865999974310398
16656,16.65628084,729979.20891799998935312,746530.78687900002114475,7823695.36894000042229891,7825560.02938000019639730
24406,24.40576303,726780.16443799994885921,750981.63137199997436255,7832049.39541999995708466,7828898.16275000013411045
7008,7.00798090,727569.05923799995798618,733873.69784999999683350,7842807.05178999993950129,7839747.09619999956339598
6122,6.12171103,718504.37545699998736382,723859.29773899994324893,7851152.38520999997854233,7854118.89046000037342310
6675,6.67540431,718504.37545699998736382,725156.73629499995149672,7861166.78531999979168177,7861720.96762000024318695
9774,9.77418432,720242.98658799997065216,729979.20891799998935312,7866565.17288000043481588,7867425.78538999985903502
9400,9.39972821,720892.79249799996614456,727197.43110899999737740,8034488.92891000024974346,8027517.09827999956905842
13953,13.95278372,703454.52286000002641231,715329.23688099998980761,8046155.00958999991416931,8038828.93694000039249659
16923,16.92320609,687278.91955700004473329,704202.12564700003713369,8069104.67650999967008829,8069104.67650999967008829
14862,14.86226791,650142.18581199995242059,662799.27484099997673184,8100398.59023000020533800,8108188.65471999999135733
10843,10.84250775,642770.47461999999359250,651904.70284599997103214,8102346.92133000027388334,8108188.65471999999135733
11871,11.87068580,662812.31442499998956919,672674.58606200001668185,8254371.07856000028550625,8260977.80085999984294176
10648,10.64822164,659322.05258100002538413,668525.82525200000964105,8255622.87858000025153160,8260977.80085999984294176
24521,24.52149367,633173.34117999998852611,654175.76363499998115003,8246025.74514000024646521,8258682.83416999969631433
53673,53.67335576,623854.38552200002595782,650003.09692200005520135,8193867.41122999973595142,8240740.36730000004172325
8592,8.59207804,631226.09671399998478591,636142.01968499994836748,8232812.30054999981075525,8239859.10878000035881996
12769,12.76859132,616297.94689599995035678,623854.38552200002595782,8237958.58949000015854836,8248251.16738000046461821
19521,19.52145234,626942.59354200004599988,614148.58888599998317659,8220612.68357000034302473,8235357.19259000010788441
14288,14.28829511,573921.47385800001211464,586161.29621599998790771,8198735.52238999959081411,8206107.23359000030905008
45990,45.99018588,550554.54026599996723235,591863.94072299997787923,8197019.73053000029176474,8217234.34482000023126602
35902,35.90245034,504098.85086399997817352,522180.40661900001578033,8246999.36737000010907650,8278016.18993999995291233
7785,7.78514589,518146.82879699999466538,523014.93996200000401586,8250242.96375999972224236,8256318.32302999962121248
17200,17.20027675,495012.43444400001317263,504098.85086399997817352,8264802.74535000044852495,8279407.07883999962359667
27849,27.84928827,489355.42847799998708069,505722.27900600002612919,8254371.07856000028550625,8276903.47881000023335218
8735,8.73495950,493528.09519099997123703,498813.47302699997089803,8245608.47847000043839216,8252562.92298999987542629
11354,11.35428881,485182.76176500000292435,491024.49516300001414493,8235872.25614000018686056,8245608.47847000043839216
8753,8.75303193,478923.76169600000139326,483096.42840899998554960,8242548.52288000006228685,8250242.96375999972224236
8375,8.37541514,471412.96161300002131611,476281.07277799997245893,8233646.83389000035822392,8240462.18951999954879284
7442,7.44233656,455000.47254300001077354,456438.08662100002402440,8201284.76095999963581562,8208586.92771000042557716
14465,14.46524460,412300.18318100000033155,412300.18318100000033155,7881195.58554999995976686,7895660.83014999981969595
11293,11.29315342,471552.05050299997674301,480592.82838100002845749,7752860.00495999958366156,7746092.46114000026136637
15956,15.95620521,467657.56157199997687712,483143.15358300000661984,7740111.63884999975562096,7736264.96172000002115965
10920,10.92006318,517972.96768399997381493,525720.65353300003334880,7736264.96172000002115965,7743960.48924000002443790
4006,4.00630533,512073.64279200002783909,515365.05098800000268966,7731755.43910000007599592,7734039.53947000019252300
4586,4.58554823,513278.71763199998531491,517451.38434500002767891,7728382.53351000044494867,7730284.13943000044673681
2867,2.86739093,514808.69542599999113008,517451.38434500002767891,7725833.29494000039994717,7726946.00605999957770109
3644,3.64445407,514808.69542599999113008,517972.96768399997381493,7721243.36154999956488609,7723051.51712999958544970
4795,4.79453346,515782.31765899999300018,520163.61770800000522286,7713454.38368999958038330,7715401.62815999984741211
5703,5.70264451,475585.62832600000547245,481288.27283299999544397,7672214.52768000029027462,7672214.52768000029027462
5980,5.97960918,465014.87265299999853596,468283.46157799998763949,7678960.33885999955236912,7673953.13881000038236380
11044,11.04421845,465014.87265299999853596,471552.05050299997674301,7683411.18336000014096498,7674509.49437000043690205
8639,8.63870300,454096.39475500001572073,458199.51702199998544529,7687953.30494000017642975,7680351.22776999976485968
32863,32.86335289,434137.13897799997357652,466452.48673200001940131,7611084.96033999975770712,7605108.48457999993115664
11507,11.50654584,468492.09491400001570582,473499.29496899998048320,7602183.27135000005364418,7591823.32227999996393919
7382,7.38220100,468492.09491400001570582,473499.29496899998048320,7623046.60491000022739172,7617622.13819000031799078
13052,13.05172750,466452.48673200001940131,475446.53943499998422340,7618595.76042000018060207,7609137.71587000042200089
7218,7.21789599,479201.93947699997806922,482261.89506599999731407,7630418.31611000001430511,7623881.13826000038534403
6298,6.29751736,475446.53943499998422340,479758.29503899998962879,7639876.36065000016242266,7635286.42726999986916780
8735,8.73495950,468492.09491400001570582,475446.53943499998422340,7642519.04956999979913235,7637233.67174000013619661
16283,16.28290775,469882.98381800000788644,479201.93947699997806922,7637233.67174000013619661,7623881.13826000038534403
11235,11.23529085,498813.47302699997089803,509570.04276400001253933,7635286.42726999986916780,7632041.74425000045448542
20662,20.66248609,490607.22849200002383441,511100.02055900002596900,7650864.38300000037997961,7648221.69407999981194735
7980,7.98013461,501688.70118400000501424,509570.04276400001253933,7644188.11625999957323074,7645439.91626999992877245
12393,12.39254125,524290.64587899995967746,534640.81526399997528642,7630418.31611000001430511,7637233.67174000013619661
12876,12.87635013,524290.64587899995967746,533028.25344000000040978,7619152.11598000023514032,7628610.16052999999374151
4149,4.14942048,537758.36234700004570186,540957.40682699996978045,7666164.16095000039786100,7663521.47202999982982874
10779,10.77899663,531219.01123299996834248,534837.49564800004009157,7635286.42726999986916780,7645439.91626999992877245
15930,15.92967892,525275.13443099998403341,528393.76814599998760968,7656845.20528999995440245,7672466.62629000004380941
8661,8.66072692,514808.69542599999113008,523293.11774299998069182,7708655.81697000004351139,7710394.42810000013560057
7894,7.89383065,507158.80645299999741837,514808.69542599999113008,7738907.65063999965786934,7740854.89510999992489815
13682,13.68188648,499648.00637000001734123,513278.71763199998531491,7723051.51712999958544970,7721869.26155999954789877
12952,12.95201957,489216.33958799997344613,501850.60934600001201034,7700658.20576999988406897,7697806.88351999968290329
13312,13.31190407,490607.22849200002383441,502568.87306900002295151,7691617.42788999993354082,7685775.69450000021606684
27805,27.80452288,520975.33177900000009686,516525.57391799998003989,7710394.42810000013560057,7737840.57806000020354986
16703,16.70309412,505861.36789699998917058,522458.58439999999245629,7692382.41679000016301870,7694260.11680999957025051
8797,8.79675382,704202.12564700003713369,712547.45907199999783188,7769924.47319999989122152,7767142.69539999961853027
6631,6.63146404,699518.74191400001291186,703969.58640799997374415,7795238.65125999972224236,7790322.72828999999910593
7305,7.30451104,713290.71533000003546476,716639.71502000000327826,7808869.36251999996602535,7802377.82321999967098236
14441,14.44077681,703454.52286000002641231,716639.71502000000327826,7844197.94068999961018562,7850087.48589999973773956
20192,20.19176706,764612.34263400000054389,784386.87097799999173731,7980967.95853000041097403,7976884.39563000015914440
19089,19.08916751,660250.03627100004814565,678238.14167899999301881,8023335.73850999958813190,8016946.34260000009089708
18676,18.67587702,655427.56364900001790375,672870.17981400003191084,8036416.61400000005960464,8029742.52051999978721142
11254,11.25367279,703454.52286000002641231,714679.43097099999431521,8021519.97651000041514635,8022324.08416000008583069
18081,18.08076545,719875.70498699997551739,737952.91421399998944253,8024793.99858999997377396,8025152.58714000042527914
7306,7.30610287,496495.68706399999791756,493528.09519099997123703,8227619.28643000032752752,8220943.01969000045210123
9831,9.83056785,506695.90123900002799928,512444.18428899999707937,8231884.31685999967157841,8239859.10878000035881996
12225,12.22523197,497422.58412299997871742,502059.24268099997425452,8230215.25016999989748001,8241527.08884000033140182
30697,30.69742456,480917.73133600002620369,495382.97594099998241290,8267306.34537000022828579,8294381.95383000001311302
12493,12.49324875,446237.87244599999394268,448741.47247300000162795,8184779.90818000026047230,8197019.73053000029176474
11049,11.04942051,429269.02781399997184053,433627.50859099999070168,8180793.05552999954670668,8170639.56653000041842461
12472,12.47233736,434971.67232100002001971,438170.71680100000230595,8176248.76068999990820885,8188303.85560999996960163
21648,21.64787998,446980.04207199998199940,456438.08662100002402440,8225023.32268000021576881,8244495.76733999978750944
13911,13.91117320,426719.78924399998504668,429918.83372300001792610,8201284.76095999963581562,8214823.10850999969989061
11851,11.85144328,425282.17516500002238899,428156.31669000000692904,8161598.78864999953657389,8173096.44137999974191189
13840,13.84026679,431402.08634400001028553,427137.05591499997535720,8197019.73053000029176474,8183853.01111999992281199
29757,29.75713638,445125.16132200002903119,433627.50859099999070168,8232811.21392000000923872,8205365.06395999994128942
13310,13.30984767,451384.16139099997235462,447722.21169800002826378,8248946.61184000037610531,8236150.43391999974846840
24730,24.72964085,445125.16132200002903119,457643.16146099998150021,8214823.10850999969989061,8236150.43391999974846840
10673,10.67278280,439005.25014299998292699,445125.16132200002903119,8204252.35283999983221292,8212922.58922000043094158
28159,28.15876090,404882.83344700001180172,429918.83372300001792610,8154180.35228000022470951,8141291.81065000034868717
43867,43.86687964,373355.29386199999134988,387449.99696900002891198,8155478.87746999971568584,8197019.73053000029176474
23612,23.61181284,363897.24931300000753254,387449.99696900002891198,8226692.38936999998986721,8225023.32268000021576881
23813,23.81305794,397650.21114400000078604,383184.96653999999398366,8205365.06395999994128942,8224281.15306000038981438
53733,53.73298578,443456.09463700000196695,395053.16076800000155345,8179065.31072000041604042,8202397.47209000028669834
34730,34.73028133,457643.16146099998150021,474241.46459599997615442,8222055.73080999962985516,8252562.92298999987542629
14339,14.33897856,453192.31696700002066791,457643.16146099998150021,8206107.23359000030905008,8219737.94484999962151051
21745,21.74531841,438170.71680100000230595,441787.02795199997490272,8168344.59982999972999096,8189787.10823000036180019
20497,20.49662517,477950.13946299999952316,497422.58412299997871742,8180793.05552999954670668,8187191.14448999986052513
16240,16.24007984,477950.13946299999952316,493528.09519099997123703,8170639.56653000041842461,8166049.63313999958336353
18972,18.97179462,464969.23411100002704188,474241.46459599997615442,8187191.14448999986052513,8170639.56653000041842461
9051,9.05066918,463763.07264000002760440,471830.22828400001162663,8172795.44433000031858683,8176898.56659999955445528
9891,9.89097079,448741.47247300000162795,457643.16146099998150021,8170639.56653000041842461,8174951.32213000021874905
30106,30.10623934,446237.87244599999394268,463763.07264000002760440,8211670.78920000046491623,8187191.14448999986052513
37335,37.33491165,408220.96681700000772253,432700.61153200000990182,8187191.14448999986052513,8159001.73826999962329865
11966,11.96567316,414525.60542799998074770,417307.38323699997272342,8159001.73826999962329865,8170639.56653000041842461
39394,39.39408060,428156.31669000000692904,441787.02795199997490272,8197947.71422000043094158,8234898.63389999978244305
42399,42.39943308,455695.91699499997776002,474241.46459599997615442,8260351.90084999985992908,8298463.34346000012010336
83776,83.77599687,480917.73133600002620369,530525.74004499998409301,8239859.10878000035881996,8307365.03244999982416630
25802,25.80183325,820480.43804399995133281,846257.52131500001996756,8043095.05399999953806400,8044207.76513000018894672
18251,18.25144042,766885.57668699999339879,784873.68209400004707277,8034488.92891000024974346,8031411.58720999956130981
17121,17.12071742,728510.08251300000119954,743331.74239899998065084,8047360.08442999981343746,8038828.93694000039249659
16438,16.43823172,717183.03099799994379282,731207.10302899999078363,8061083.15940999984741211,8052831.27632999978959560
34045,34.04521002,768137.37670100003015250,800636.36525499995332211,8069984.84839999955147505,8080116.60475999955087900
34500,34.49959487,755293.38697600003797561,789787.43180200003553182,8092801.94622000027447939,8092193.43233000021427870
27579,27.57918251,775461.27608800004236400,801564.34894599998369813,7999512.41949000023305416,8008414.10847999993711710
13955,13.95535482,802677.06006899999920279,816585.94911199994385242,8051069.84592999983578920,8049957.13480999972671270
23765,23.76467979,711619.47538099996745586,735358.03710199997294694,8035306.07613999955356121,8036416.61400000005960464
22637,22.63725953,742034.30384299997240305,764612.34263400000054389,8033728.28653999976813793,8035306.07613999955356121
14253,14.25343418,616297.94689599995035678,623715.29663100000470877,7813318.03375000040978193,7801267.28536000009626150
36244,36.24368904,611103.84614399995189160,631875.90262399998027831,7794030.31653000041842461,7764358.74431999959051609
17467,17.46702528,466452.48673200001940131,483143.15358300000661984,7842900.50214000046253204,7837799.85173000022768974
17729,17.72924248,439283.42792400001781061,456438.08662100002402440,7863852.93951999954879284,7859495.54538000002503395
46549,46.54872607,418698.27214100002311170,453470.49474799999734387,7820831.00710000004619360,7851754.37932000029832125
40167,40.16692915,384111.86359899997478351,417203.06656900001689792,7790322.72828999999910593,7813087.66777999978512526
29842,29.84187575,407478.79719100001966581,426928.42257900000549853,7741828.51733999978750944,7764358.74431999959051609
11751,11.75105654,400060.36082399997394532,409681.40016600000672042,7728382.53351000044494867,7735128.34468999970704317
28621,28.62058307,465108.32300199999008328,480917.73133600002620369,7999512.41949000023305416,8023335.73850999958813190
47875,47.87536854,530525.74004499998409301,578094.14057100005447865,8036416.61400000005960464,8031038.87244999967515469
28830,28.82953058,634842.40786499995738268,657839.88659200002439320,8101234.21019999962300062,8118572.50970000028610229
24070,24.06979665,565112.14858699997421354,586995.82955799996852875,8152694.92640000022947788,8142682.69955000001937151
30958,30.95759341,530525.74004499998409301,557879.52628500002902001,8150101.13592000026255846,8164589.19978999998420477
29797,29.79683262,565854.31821299996227026,591077.21918699995148927,8173942.92767000012099743,8189787.10823000036180019
22700,22.70049736,528334.00338899996131659,539844.69570299994666129,8103367.26872999966144562,8122932.07710999995470047
18336,18.33604173,545454.97649499995168298,543043.74018299998715520,8101881.84284999966621399,8120057.93558000028133392
43537,43.53666041,510844.66204899997683242,539844.69570299994666129,8063912.74902999959886074,8096319.37385999970138073
36405,36.40465322,465710.31710599997313693,495382.97594099998241290,8053387.63190000038594007,8074436.77952000033110380
53515,53.51543343,342569.92390300001716241,345908.05727300001308322,8163082.04126999992877245,8109670.82070999965071678
57793,57.79250953,345908.05727300001308322,385688.56656800000928342,8105963.23247999977320433,8064049.66464999970048666
13837,13.83698520,426928.42257900000549853,440674.31682900001760572,7946473.91370000038295984,7944989.57445000018924475
7162,7.16157277,434926.03377899999031797,442065.20573300000978634,7850226.57478999998420477,7849670.21922999992966652
34905,34.90514467,576796.70201500004623085,611103.84614399995189160,7996363.36008000001311302,7989952.23154000006616116
7944,7.94432380,759148.75715700001455843,758509.81756700004916638,7964092.56424000021070242,7956190.57665000017732382
13790,13.79015036,774628.91600900003686547,783111.16506100003607571,7954656.25232999958097935,7965529.09169000014662743
12356,12.35614666,771175.59965099999681115,776434.89832100004423410,7938474.12923999968916178,7949627.31964000035077333
11672,11.67189406,766185.78570699994452298,772325.25626099994406104,7914159.65258000046014786,7924082.77560000028461218
8257,8.25657839,756975.49324400001205504,763243.18636900000274181,7939817.20633000042289495,7934442.72467999998480082
9544,9.54445482,721168.79701500001829118,729794.48148499999660999,7989315.46521000005304813,7985229.72905999980866909
12998,12.99814144,731207.10302899999078363,731207.10302899999078363,7983378.10819999966770411,7970390.68305999971926212
16653,16.65268449,701187.80859899998176843,717702.44107399997301400,7959363.54196999967098236,7957231.57007000036537647
23218,23.21788066,675271.63643800001591444,698256.07558099995367229,7958750.68154000025242567,7955469.05303000006824732
11412,11.41164925,680474.43024500005412847,691590.67515999998431653,7970903.57333999965339899,7968343.46846000012010336
35354,35.35399641,664237.97555199998896569,699379.65302399999927729,7974739.38415000028908253,7970903.57333999965339899
45494,45.49441841,643142.10274899995420128,684058.14243799995165318,7921394.44813999999314547,7941281.98620999976992607
19215,19.21510827,678811.88335200003348291,685409.91259099997114390,7906940.06986000016331673,7924986.85338999982923269
12831,12.83108954,697525.85890600003767759,700770.54192800004966557,7896321.50238000042736530,7908735.18585000000894070
5451,5.45086650,703182.86487100005615503,705677.77184299996588379,7920140.47487000003457069,7924986.85338999982923269
10614,10.61371592,698256.07558099995367229,708652.97013999999035150,7929229.06455000024288893,7927094.91939000040292740
8285,8.28452911,695346.07520099997054785,703182.86487100005615503,7939817.20633000042289495,7937131.05214000027626753
14302,14.30196129,713149.45317600003909320,726456.34811499994248152,7930222.24615999963134527,7924986.85338999982923269
9170,9.17031710,722329.31994399998802692,729214.22002000000793487,7946778.17064999975264072,7940725.63064999971538782
17276,17.27605297,719875.70498699997551739,737146.63330300000961870,7952017.90993999969214201,7952017.90993999969214201
4666,4.66624865,711619.47538099996745586,714679.43097099999431521,7953708.70927000045776367,7957231.57007000036537647
3949,3.94851612,707633.70936500001698732,709672.23091499996371567,7950327.11062000039964914,7953708.70927000045776367
8197,8.19741925,699936.00858499994501472,704036.95758899999782443,7943229.23068000003695488,7950327.11062000039964914
32967,32.96709315,678811.88335200003348291,708652.97013999999035150,7929229.06455000024288893,7943229.23068000003695488
29778,29.77750865,644528.64512500003911555,669775.45200199994724244,7909200.26432999968528748,7924986.85338999982923269
9643,9.64293925,478692.30908899998757988,487593.99807700002565980,7853377.80745999980717897,7849670.21922999992966652
15899,15.89887191,478135.95352799998363480,493343.36775799997849390,7845219.37473000027239323,7840581.62954000011086464
9176,9.17565099,497237.85668999998597428,506139.54567800002405420,7850226.57478999998420477,7848001.15254000015556812
14116,14.11616151,550091.63505299994722009,564000.52409600000828505,7833720.63537000026553869,7831310.48568999953567982
36741,36.74053510,551389.07360899995546788,531916.62894900003448129,7770111.37390000000596046,7801267.28536000009626150
21090,21.08960709,536182.74601000000257045,553614.49585599999409169,7753790.16191000025719404,7765660.52940999995917082
5606,5.60646913,566782.30190399999264628,571417.87383000005502254,7745260.10106000024825335,7748413.50698999967426062
16514,16.51399527,581247.54650900000706315,594784.80742199998348951,7746557.53961000032722950,7737099.49505999963730574
20546,20.54647713,585698.39100199996028095,603317.04154400003608316,7768442.30721999984234571,7779013.06288999971002340
6629,6.62874885,596825.50223600002937019,594784.80742199998348951,7766029.98426999989897013,7772336.79614999983459711
9547,9.54662000,607580.98534200002904981,606283.54678600002080202,7751751.64035999961197376,7761209.68491000030189753
11159,11.15918115,594043.72442800004500896,597010.22966900002211332,7798485.50755000021308661,7787727.85118000023066998
6841,6.84083528,578836.31019700004253536,582544.98506500001531094,7807571.92396999988704920,7801823.64092000015079975
9939,9.93949117,574941.82126500003505498,580875.91837900003883988,7805346.50172000005841255,7797372.79641999956220388
15489,15.48904664,512073.64279200002783909,526909.42889400001149625,7830567.22943000029772520,7835018.07392000034451485
7467,7.46695656,501317.07305499998619780,508549.69535699998959899,7830567.22943000029772520,7832423.19680999964475632
6929,6.92885923,493157.55369400000199676,499833.82043399999383837,7836502.41318000014871359,7834648.61906000040471554
8367,8.36745534,571233.14639799995347857,579392.66575899999588728,7817771.05150999967008829,7815917.25738999992609024
19616,19.61567072,518007.73990599997341633,536923.82900400005746633,7828898.16275000013411045,7823706.23526000045239925
11787,11.78725640,499277.46487299998989329,510775.11760400002822280,7841137.98510000016540289,7838543.10799000039696693
5715,5.71480525,509291.86498299997765571,514855.42060100001981482,7827415.99675999954342842,7826116.38494000025093555
16257,16.25697891,701976.70339999999850988,715329.23688099998980761,8112638.41258999984711409,8121910.64307000022381544
14766,14.76613079,701605.07527100003790110,714957.60875200002919883,8133779.92392999958246946,8140084.56254000030457973
13861,13.86111214,700492.36414700001478195,713844.89762800000607967,8140084.56254000030457973,8143794.32404000032693148
21997,21.99654616,694187.72553599998354912,696413.14778300002217293,8118572.50970000028610229,8140456.19067000038921833
11402,11.40187603,617039.02989100001286715,627796.68625999998766929,8113379.49557999987155199,8109670.82070999965071678
19958,19.95758318,618151.74101400002837181,631875.90262399998027831,8117830.34006999991834164,8132295.58468000032007694
53191,53.19120173,586995.82955799996852875,635955.11898899998050183,8124506.60680999979376793,8145277.57665999978780746
23291,23.29055442,494270.26481700001750141,514299.06503900000825524,8101881.84284999966621399,8113751.12370999995619059
17994,17.99396389,407108.25569299998460338,402657.41119999997317791,8250242.96375999972224236,8232811.21392000000923872
38176,38.17598884,535070.03488699998706579,567338.65746599994599819,8104478.89321999996900558,8124878.23493999987840652
30015,30.01453132,637439.45824099995661527,660434.76370400004088879,7755828.68346999958157539,7736540.96623999997973442
31142,31.14154764,616297.94689599995035678,609621.68015599995851517,7827042.19536000024527311,7796627.36689999978989363
32963,32.96323614,467008.84229399997275323,464227.06448499998077750,7809979.90037999954074621,7777154.92224000021815300
13721,13.72138576,469790.62010200001532212,483143.15358300000661984,7825188.40125000011175871,7822034.99531000014394522
30496,30.49597609,492415.38406800001394004,521345.87327699997695163,7828526.53462000004947186,7818881.58937000017613173
29035,29.03484386,529691.20670199999585748,558065.34034899994730949,7813876.56257999967783689,7807756.65139999985694885
19946,19.94583886,461815.82817400002386421,459034.05036499997368082,7908735.18585000000894070,7928485.80829000007361174
13967,13.96671685,733595.52006899996194988,734708.23119199997745454,8081483.58775999955832958,8067574.69871999975293875
17026,17.02603350,733595.52006899996194988,732204.63116500002797693,8118203.05482999980449677,8101234.21019999962300062
14688,14.68820830,738046.36456300003919750,744166.27574099996127188,8157147.94414999987930059,8143795.41067000012844801
8271,8.27110284,784223.87618400005158037,781442.09837599995080382,8202490.92243000026792288,8194701.94457000028342009
13458,13.45784833,777269.43166300002485514,770593.16492300003301352,8193589.23345000017434359,8181905.76664999965578318
15899,15.89858562,684358.05285800003912300,697710.58633900003042072,8055334.87636000011116266,8046711.36515999957919121
13682,13.68198921,719130.27546399994753301,707446.80866900004912168,8072581.89876999985426664,8065627.45425000041723251
33983,33.98294559,723024.76439599995501339,721355.69771099998615682,8107632.29915999993681908,8073694.60989999957382679
54431,54.43063004,716626.67543699999805540,721077.51992999995127320,8166884.16648000013083220,8112639.49921999964863062
27489,27.48858978,540818.31793599994853139,567895.01302800001576543,7811648.96707000024616718,7816286.71226000040769577
19519,19.51938524,579392.66575899999588728,598866.19705099996645004,7754715.97233999986201525,7753787.98864999972283840
31294,31.29443041,618151.74101400002837181,646525.87466099997982383,7790322.72828999999910593,7777154.92224000021815300
23772,23.77214422,498721.10931099997833371,514669.60653599997749552,7920879.38460000045597553,7938498.03514000028371811
9725,9.72521090,517821.92584199999691918,509106.05091900000115857,7950366.22936999984085560,7946100.11230999976396561
14575,14.57543965,447721.12506599997868761,459219.86443000001600012,8003220.00772999972105026,7994318.31874000001698732
13955,13.95461404,597194.95710200001485646,611103.84614399995189160,7886200.61234000045806170,7885274.80190999992191792
18781,18.78144790,561959.82928099995478988,579577.39319199998863041,7867099.79581000003963709,7860608.25650000013411045
18694,18.69399872,651348.34728400001768023,640221.23604999994859099,7854118.89046000037342310,7839097.29028999991714954
11898,11.89769229,640405.96348200005013496,632988.61374800000339746,7855787.95713999960571527,7846514.64001999981701374
16941,16.94123261,610362.76315000001341105,621674.60181699995882809,7834090.09023000020533800,7846699.36746000032871962
21671,21.67059762,613329.26839099999051541,597194.95710200001485646,7860608.25650000013411045,7846143.01188999973237514
19422,19.42247132,714679.43097099999431521,729979.20891799998935312,7920140.47487000003457069,7908178.83028999995440245
23614,23.61396949,532843.52600800001528114,553243.95435899996664375,7944989.57445000018924475,7956859.94194000028073788
8179,8.17943706,610362.76315000001341105,617223.75732299999799579,7973550.60878999996930361,7978001.45328000001609325
34932,34.93175764,565112.14858699997421354,596453.87410699995234609,7954262.89156000036746264,7969656.11985999997705221
16017,16.01653743,582915.52656200004275888,597010.22966900002211332,7959085.36419000010937452,7966687.44134999997913837
23731,23.73143102,557879.52628500002902001,579949.02132099994923919,7946473.91370000038295984,7955190.87524999957531691
15218,15.21805678,528949.03707600000780076,543970.63724199996795505,8004519.61954999994486570,8002109.46987000014632940
29765,29.76477509,654871.20808699994813651,681854.45282999996561557,7826672.74050000030547380,7814154.74036000017076731
15313,15.31325147,709672.23091499996371567,716626.67543699999805540,8000533.85352999996393919,7986903.14226999972015619
19307,19.30713578,707168.63088800001423806,715235.78653200005646795,7991353.98677000030875206,7973828.78657000046223402
65955,65.95497696,634842.40786499995738268,700770.54192800004966557,7949905.49741999991238117,7949627.31964000035077333
35073,35.07284467,561403.47372000000905246,596453.87410699995234609,7962423.49756000004708767,7963536.20868000015616417
62089,62.08894577,489911.78403999999864027,551945.42917100002523512,7959641.71975000016391277,7962145.31977999955415726
13157,13.15736579,697988.76411900005768985,701048.71970899996813387,7877857.45218000002205372,7865061.27426000032573938
23850,23.84952220,700492.36414700001478195,707446.80866900004912168,7884533.71891999989748001,7861723.14089000038802624
24926,24.92589549,690756.14181699999608099,711619.47538099996745586,7895104.47458999976515770,7908735.18585000000894070
17749,17.74943017,691868.85294100001920015,708003.16422999999485910,7923478.60823999997228384,7930711.23053999990224838
14689,14.68858526,688808.89735099999234080,701883.25305099994875491,7912351.49700000043958426,7919027.76374000031501055
14448,14.44830964,679350.85280200000852346,690106.33590700000058860,7880823.95741999987512827,7890466.72939999960362911
33067,33.06669868,663772.89707399997860193,696782.60264800000004470,7877857.45218000002205372,7879711.24629000015556812
31183,31.18327432,666369.94744999997783452,697525.85890600003767759,7982821.75263999961316586,7983934.46377000026404858
123528,123.52843454,487222.36994800000684336,610734.39127899997401983,7979483.61926999967545271,7980967.95853000041097403
24254,24.25403093,696041.51965300005394965,720151.70950300002004951,8048844.42368999961763620,8051069.84592999983578920
43641,43.64072102,480917.73133600002620369,523200.75402599998051301,8085563.89075999986380339,8096319.37385999970138073
21533,21.53253340,495382.97594099998241290,516524.48728599998867139,8189787.10823000036180019,8193867.41122999973595142
27829,27.82904900,465710.31710599997313693,493528.09519099997123703,8112268.95772000029683113,8111526.78808999992907047
57179,57.17890155,488336.16770300001371652,541746.30162699997890741,8167904.51389000006020069,8188303.85560999996960163
52852,52.85178549,484626.40620399999897927,533215.15413699997588992,8153809.81077999994158745,8174580.78062999993562698
60840,60.84045168,459034.05036499997368082,519862.62065599998459220,8133781.01056000031530857,8134893.72169000003486872
47187,47.18663493,526909.42889400001149625,484626.40620399999897927,8146391.37442000024020672,8125621.49120000004768372
45784,45.78429511,555839.91810300003271550,515041.23466499999631196,8174951.32213000021874905,8154180.35228000022470951
67844,67.84359344,621861.50251300004310906,565113.23521900002378970,8220943.01969000045210123,8183853.01111999992281199
50098,50.09789298,468492.09491400001570582,455695.91699499997776002,8077589.09882999956607819,8029186.16495999973267317
87595,87.59513636,446237.87244599999394268,469048.45047600002726540,8166049.63313999958336353,8081483.58775999955832958
65697,65.69664969,543971.72387400001753122,609621.68015599995851517,7920138.30159999988973141,7919025.59047999978065491
77056,77.05635863,412300.18318100000033155,352585.41064600000390783,7865243.82842999976128340,7816656.16712000034749508
103542,103.54193104,492415.38406800001394004,404882.83344700001180172,7924589.14609999954700470,7869323.04478999972343445
40013,40.01310236,414525.60542799998074770,432700.61153200000990182,8204252.35283999983221292,8239859.10878000035881996
65735,65.73495601,396722.22745300002861768,419718.61954799998784438,8136376.97431000042706728,8197947.71422000043094158
22316,22.31598255,580691.19094700005371124,601461.07416299998294562,8154922.52190999966114759,8163082.04126999992877245
31999,31.99939413,651904.70284599997103214,681576.27504900004714727,8069984.84839999955147505,8058116.65416999999433756
133391,133.39131064,493528.09519099997123703,607024.62977999995928258,8047360.08442999981343746,8116348.17408999986946583
48538,48.53812048,446794.22800699999788776,491302.67294399999082088,8018800.13671999983489513,8038087.85395000036805868
31452,31.45189770,816585.94911199994385242,846257.52131500001996756,8172864.98876999970525503,8183296.65555999986827374
27920,27.92025440,800636.36525499995332211,828456.31660400005057454,8198735.52238999959081411,8201100.03352999966591597
17051,17.05073229,736840.20309099997393787,751861.80325700005050749,8168831.41095000039786100,8176898.56659999955445528
12940,12.93985301,741293.22084800002630800,751861.80325700005050749,8114492.20669999998062849,8121958.45488000009208918
11068,11.06800297,748825.75357099995017052,759837.68181800004094839,8107817.02660000044852495,8108929.73771999962627888
13723,13.72280579,728681.77036199998110533,741384.49793299997691065,8135450.07725000008940697,8140642.00473999977111816
19189,19.18875077,618151.74101400002837181,636142.01968499994836748,8088157.68123999983072281,8081482.50112999975681305
12862,12.86180347,572901.12645099998917431,585512.57693800004199147,8128217.45495000015944242,8130742.78760999999940395
9180,9.18022183,545733.15427499997895211,553427.59515900001861155,7634545.34427999984472990,7629538.14422000013291836
8955,8.95479069,582729.71249700000043958,590333.96292900003027171,7698989.13908999972045422,7694260.11680999957025051
17264,17.26373662,626310.17374300002120435,609141.38883099996019155,7701353.65022000018507242,7703161.80580000020563602
8902,8.90221770,611660.20170600002165884,603130.14084799995180219,7669919.56099000014364719,7672466.62629000004380941
6492,6.49153931,624456.37962499994318932,617964.84031799994409084,7668389.58318999968469143,7668389.58318999968469143
8681,8.68087902,716639.71502000000327826,723859.29773899994324893,7761022.78421999979764223,7756202.48486000020056963
12404,12.40414533,742034.30384299997240305,738139.81491099996492267,7855974.85783999972045422,7844197.94068999961018562
11205,11.20509962,704943.20864099997561425,710322.03682499995920807,7881378.13972000032663345,7891207.81238999962806702
10051,10.05085008,695300.43665899999905378,700307.63671500002965331,7865802.35725000035017729,7874517.14553999993950129
13962,13.96205654,601645.80159499996807426,614998.33507599995937198,8067017.25652999989688396,8062936.95352999959141016
14706,14.70571337,582730.79912900005001575,596453.87410699995234609,8071191.00987000018358231,8065905.63202999997884035
16404,16.40394948,600904.71860100002959371,612959.81352600001264364,8103367.26872999966144562,8114492.20669999998062849
20879,20.87876935,611662.37497000000439584,620933.51882300002034754,8183296.65555999986827374,8164589.19978999998420477
18102,18.10157449,668525.82525200000964105,657096.63033399998676032,8227933.32306000031530857,8213896.21145000029355288
14782,14.78219403,639108.52492600004188716,633173.34117999998852611,8216863.80331999994814396,8203325.45578000042587519
15121,15.12143537,640405.96348200005013496,634472.95299999997951090,8215008.92257000040262938,8201100.03352999966591597
16859,16.85860411,648312.29759800003375858,641333.94717299996409565,8226275.12270000018179417,8210928.61957999970763922
10886,10.88592889,650791.99172199994791299,645830.43020900001283735,8235964.61985000036656857,8226275.12270000018179417
22051,22.05075252,480592.82838100002845749,502615.59824299998581409,7542188.14776999969035387,7541077.60991000011563301
14223,14.22317569,492229.57000299997162074,483143.15358300000661984,7564070.74210999999195337,7553128.35831000003963709
12323,12.32279854,522458.58439999999245629,534640.81526399997528642,7552202.54788000043481588,7550346.58050000015646219
15004,15.00396238,513278.71763199998531491,528022.14001700002700090,7544972.09884000010788441,7542188.14776999969035387
12983,12.98307862,524290.64587899995967746,524290.64587899995967746,7584101.71559000015258789,7571118.63697999995201826
29789,29.78892845,522458.58439999999245629,522458.58439999999245629,7620751.63822000008076429,7590962.70976999960839748
104207,104.20676335,414108.33875699999043718,405253.37494399998104200,7687931.57230000011622906,7584101.71559000015258789
73387,73.38747352,380403.18873100000200793,407153.89423600002191961,7767327.42282999958842993,7698989.13908999972045422
11081,11.08147269,801564.34894599998369813,801564.34894599998369813,7992049.43121999967843294,7980967.95853000041097403
15444,15.44404353,741384.49793299997691065,742636.29794700001366436,7999512.41949000023305416,8014905.64778999984264374
7693,7.69335425,737952.91421399998944253,737952.91421399998944253,7975404.40290999971330166,7983097.75715999957174063
8343,8.34316016,747597.85945999994874001,747597.85945999994874001,7982243.66444000042974949,7990586.82459999993443489
19128,19.12767994,739437.25346699997317046,743331.74239899998065084,7953708.70927000045776367,7972435.72439999971538782
13812,13.81201052,761274.20926399994641542,773096.76494999998249114,7986438.06379000004380941,7993579.40900999959558249
7318,7.31775145,751259.80915300000924617,757612.25957100000232458,8021519.97651000041514635,8025152.58714000042527914
10121,10.12091058,789787.43180200003553182,798271.85411800001747906,8046339.73703000042587519,8051857.65409999992698431
7573,7.57339412,794377.36518600000999868,800636.36525499995332211,8044207.76513000018894672,8048471.70892000012099743
17411,17.41065187,776295.80943000002298504,792986.47628099995199591,7992049.43121999967843294,7997004.47293999977409840
10639,10.63883954,764612.34263400000054389,769341.36490899999625981,7998169.34240000043064356,8007627.38695000018924475
14437,14.43738097,750010.18240299995522946,759837.68181800004094839,7895291.37528999987989664,7905862.13095999974757433
32248,32.24769139,759837.68181800004094839,776434.89832100004423410,7922922.25267000030726194,7895291.37528999987989664
13383,13.38252551,750010.18240299995522946,759837.68181800004094839,7909552.33308000024408102,7900483.30276999995112419
17169,17.16920490,766885.57668699999339879,782463.53241500002332032,8027517.09827999956905842,8034562.81988000031560659
18234,18.23405021,762619.45962600002530962,780794.46573000005446374,8082410.48481999989598989,8082410.48481999989598989
11909,11.90926927,765377.33153199998196214,777271.60492700000759214,8107075.94359999988228083,8107075.94359999988228083
19857,19.85707663,808796.97124800004530698,828456.31660400005057454,8140642.00473999977111816,8143423.78254000004380941
27564,27.56426235,843662.64420300000347197,865732.13923900004010648,8117089.25707999989390373,8133409.38243000023066998
10825,10.82495960,741293.22084800002630800,751861.80325700005050749,8087231.87081000022590160,8089457.29306000005453825
8771,8.77061310,701605.07527100003790110,706799.17602200002875179,8054036.35116999968886375,8061083.15940999984741211
25832,25.83234257,595156.43555099994409829,620005.53513199998997152,8002572.37507999967783689,8009526.81960999965667725
22306,22.30622202,464041.25041999999666587,477671.96168200002284721,7616555.06560999993234873,7598938.58832999970763922
29408,29.40830083,478506.49502500001108274,490932.13144700002158061,7578538.15997999999672174,7605108.48457999993115664
28269,28.26887391,439283.42792400001781061,466452.48673200001940131,7548866.58777000010013580,7541077.60991000011563301
37328,37.32771768,621270.37472900003194809,657839.88659200002439320,7998030.25351000018417835,7990586.82459999993443489
25703,25.70322469,653202.14140199997927994,675271.63643800001591444,7934977.34759999997913837,7948142.98037999961525202
12824,12.82403659,633451.51896100002340972,644856.80797600001096725,7698850.05020000040531158,7693008.31680000014603138
29381,29.38123348,627192.51889199996367097,656262.09699099999852479,7733018.10544000007212162,7737238.58394999988377094
14184,14.18366227,572808.76273499999660999,586439.47399700002279133,7717905.22817999962717295,7714010.73924999963492155
15226,15.22598180,563767.98485699994489551,578094.14057100005447865,7773123.51767999958246946,7778269.80662999954074621
18413,18.41331362,554449.02919799997471273,568914.27380299998912960,7807569.75069999974220991,7796212.27350000012665987
7821,7.82072845,668595.36969700001645833,673787.29718500003218651,7741828.51733999978750944,7747670.25074000004678965
10463,10.46309456,643605.00796199997421354,652089.43027799995616078,7712619.85034999996423721,7718739.76152999978512526
12726,12.72622022,701326.89749000000301749,708652.97013999999035150,7807569.75069999974220991,7797185.89572999998927116
5344,5.34376430,692394.78280799998901784,695902.43076300004031509,7782857.56675000023096800,7778826.16218999959528446
6394,6.39411039,676199.62012800003867596,680835.19205499999225140,7813087.66777999978512526,7808869.36251999996602535
7220,7.21968383,680046.29725399997550994,685053.49731000000610948,7821109.18487999960780144,7815915.08413000032305717
5639,5.63920626,678099.05278799997176975,681993.54171999997925013,7825725.19742999970912933,7821665.54043999966233969
13620,13.62028170,584029.32431699999142438,592003.02961399999912828,7813087.66777999978512526,7802193.09578000009059906
13457,13.45657608,769758.63158000004477799,783111.16506100003607571,7909200.26432999968528748,7909200.26432999968528748
18574,18.57356096,888725.27143800002522767,881677.37656799994874746,8033173.01761000044643879,8016055.30439999978989363
43242,43.24162825,887984.18844299996271729,875372.73795700003392994,8053852.71037000045180321,8012493.32485000044107437
18963,18.96310654,857384.63254899997264147,864617.25485200004186481,7997004.47293999977409840,7979485.79253999982029200
26466,26.46580205,821221.52103800000622869,832533.35970499995164573,8001924.74244000017642975,7978001.45328000001609325
10485,10.48548219,843291.01607400004286319,850893.09324099996592849,7957231.57007000036537647,7950009.81409000046551228
14819,14.81918427,836984.20419900002889335,847926.58799999998882413,7955003.97456000000238419,7945015.65361000038683414
12224,12.22409468,820480.43804399995133281,832533.35970499995164573,7911238.78588000033050776,7909200.26432999968528748
19733,19.73338440,825116.00997000001370907,844773.18206300004385412,7932751.92535000015050173,7934420.99203999992460012
33295,33.29519920,774116.02572499995585531,792106.30439699999988079,7929229.06455000024288893,7957231.57007000036537647
12071,12.07128398,672870.17981400003191084,681019.91948699997738004,7883236.28036000020802021,7892135.79607999976724386
22381,22.38136979,592374.65774299995973706,611290.74684100004378706,7902334.92363000009208918,7914207.46437999978661537
10534,10.53394444,685409.91259099997114390,691590.67515999998431653,7936461.68685000017285347,7944991.74770999979227781
20131,20.13091663,660250.03627100004814565,672870.17981400003191084,7899742.21977999992668629,7915411.45258999988436699
28660,28.65996779,633082.06409600004553795,653202.14140199997927994,7888799.83597999997437000,7909200.26432999968528748
15819,15.81853944,588108.54068199999164790,600348.36303899995982647,7866565.17288000043481588,7876560.01362000033259392
14433,14.43267104,571233.14639799995347857,584214.05174999998416752,7947401.89738999959081411,7953708.70927000045776367
30368,30.36817718,622602.58550799998920411,652645.78584000002592802,7986438.06379000004380941,7982267.57034999970346689
18345,18.34502631,667111.03044500004034489,685409.91259099997114390,7990586.82459999993443489,7989315.46521000005304813
16995,16.99534225,678238.14167899999301881,661312.76232500001788139,7997004.47293999977409840,7997004.47293999977409840
27101,27.10061045,690293.23660399997606874,716070.31987500004470348,7998771.33650000020861626,8006375.58693000022321939
9648,9.64778628,549813.45727200002875179,541652.85127900005318224,7718739.76152999978512526,7713593.47257999982684851
10825,10.82483361,561775.10184899996966124,552177.96840899996459484,7723746.96157999988645315,7718739.76152999978512526
20502,20.50157819,560568.94037700002081692,543785.90980899997521192,7743960.48924000002443790,7732185.74536000005900860
5029,5.02911301,527095.24295800004620105,526260.70961599994916469,7749248.04033999983221292,7754207.42858999967575073
8729,8.72917470,530247.56226399994920939,528393.76814599998760968,7749248.04033999983221292,7757778.10120000038295984
9735,9.73475963,513278.71763199998531491,505861.36789699998917058,7662360.94909999985247850,7656056.31049000006169081
12198,12.19842013,524290.64587899995967746,531219.01123299996834248,7654202.51637000031769276,7644188.11625999957323074
7146,7.14600121,533470.51264700002502650,535811.11788100004196167,7673953.13881000038236380,7667276.87206999957561493
7922,7.92208076,543600.09574500005692244,543043.74018299998715520,7680351.22776999976485968,7672466.62629000004380941
13216,13.21626963,527095.24295800004620105,527095.24295800004620105,7698989.13908999972045422,7685775.69450000021606684
5290,5.29049084,528254.67925599997397512,528022.14001700002700090,7716236.16150000039488077,7710950.78366000019013882
10797,10.79686869,526260.70961599994916469,527095.24295800004620105,7726946.00605999957770109,7716792.51706000044941902
15628,15.62767537,524684.00664699997287244,526260.70961599994916469,7731257.76166999991983175,7716236.16150000039488077
8071,8.07124575,497839.85079400002723560,505861.36789699998917058,7715401.62815999984741211,7716236.16150000039488077
19372,19.37170940,460981.29483099997742102,442065.20573300000978634,7754207.42858999967575073,7750034.76186999958008528
32594,32.59362868,501688.70118400000501424,469604.80603699997300282,7761718.22867000009864569,7756015.58416000008583069
14767,14.76716603,524684.00664699997287244,525518.53998899995349348,7787866.94006999954581261,7773123.51767999958246946
22505,22.50535313,521206.78438600001391023,543229.55424800002947450,7839097.29028999991714954,7834461.71836000028997660
6543,6.54291858,763221.45372999995015562,769758.63158000004477799,7821665.54043999966233969,7821665.54043999966233969
8970,8.96956973,782137.54282800003420562,790900.14292500005103648,7823704.06199000030755997,7825560.02938000019639730
16790,16.78974859,721168.79701500001829118,735960.03120600001420826,7795238.65125999972224236,7803166.71801999956369400
9186,9.18617998,718504.37545699998736382,726641.07554800005163997,7753233.80635000020265579,7749061.13963999971747398
8405,8.40493768,696458.78632499999366701,704202.12564700003713369,7751634.28411000035703182,7748365.69519000034779310
9285,9.28543506,683801.69729599996935576,692518.65885100001469254,7753233.80635000020265579,7750034.76186999958008528
11949,11.94901626,685053.49731000000610948,695300.43665899999905378,7765612.71760000009089708,7771732.62877999991178513
9676,9.67569336,649494.55316600005608052,647453.85835200001019984,7819718.29597999993711710,7810260.25143000017851591
32110,32.11045618,662521.09705999994184822,648612.20801800000481308,7820365.92862000036984682,7791435.43941000010818243
13733,13.73301789,499648.00637000001734123,512073.64279200002783909,7684106.62781000044196844,7678264.89441000018268824
8166,8.16586478,515782.31765899999300018,523942.92365200002677739,7703902.88879000023007393,7703902.88879000023007393
11073,11.07265822,534837.49564800004009157,532102.44301399996038526,7703161.80580000020563602,7692451.96124000009149313
9118,9.11763549,530334.49282000004313886,534837.49564800004009157,7713454.38368999958038330,7705526.31694000028073788
3918,3.91824537,529413.02892099996097386,531219.01123299996834248,7710394.42810000013560057,7706917.20583999995142221
4652,4.65208360,527095.24295800004620105,529413.02892099996097386,7709559.89475999958813190,7705526.31694000028073788
5454,5.45409330,523942.92365200002677739,527095.24295800004620105,7716236.16150000039488077,7711785.31701000034809113
13311,13.31102369,532102.44301399996038526,530803.91782600001897663,7705526.31694000028073788,7692451.96124000009149313
42181,42.18096046,558760.78480200003832579,555979.00699300004635006,7701353.65022000018507242,7659348.80530999973416328
17226,17.22608863,536506.56233300000894815,548468.20690999994985759,7810260.25143000017851591,7797881.34018000029027462
22259,22.25885689,503403.40641100000357255,518285.91768700000829995,7898442.60795999970287085,7914994.18592000007629395
19047,19.04695811,549024.56247200001962483,565854.31821299996227026,7929181.25274000037461519,7938082.94173000007867813
21385,21.38462078,521206.78438600001391023,539844.69570299994666129,7920138.30159999988973141,7930572.14164999965578318
25727,25.72732349,654130.12509300000965595,678238.14167899999301881,8080092.69885999988764524,8071191.00987000018358231
11858,11.85791247,629696.11892000003717840,641518.67460599995683879,8091358.89898000005632639,8092193.43233000021427870
9024,9.02402105,642770.47461999999359250,648890.38579900003969669,8114492.20669999998062849,8121123.92152999993413687
5859,5.85941786,657096.63033399998676032,662799.27484099997673184,8130070.16242999956011772,8131416.49942999985069036
11428,11.42841875,663633.80818399996496737,674158.92531399999279529,8117507.61038000043481588,8121958.45488000009208918
6687,6.68675271,665628.86445600003935397,671422.78604799997992814,8124879.32158000022172928,8128217.45495000015944242
8149,8.14946960,686861.65288499998860061,690617.05292699998244643,8138092.76616999972611666,8145325.38846999965608120
4435,4.43496136,683662.60840499994810671,685470.76398100005462766,8131416.49942999985069036,8135450.07725000008940697
16315,16.31500056,691312.49737899994943291,703969.58640799997374415,8146716.27737000025808811,8157008.85525999963283539
20002,20.00164067,680346.20767399994656444,685470.76398100005462766,8108884.09917999990284443,8128217.45495000015944242
22469,22.46872038,672870.17981400003191084,680346.20767399994656444,8108884.09917999990284443,8130070.16242999956011772
21885,21.88528020,755293.38697600003797561,775461.27608800004236400,8160346.98862999957054853,8168831.41095000039786100
13753,13.75313185,742358.12016599997878075,755293.38697600003797561,8189833.83341000042855740,8194423.76678999979048967
13481,13.48078509,686861.65288499998860061,698406.03079099999740720,8258821.92305999994277954,8265776.36758000031113625
17420,17.41963687,696736.96410600002855062,712175.83094300003722310,8252284.74521000031381845,8260351.90084999985992908
13213,13.21336588,696736.96410600002855062,708559.51979199994821101,8248668.43405999988317490,8254371.07856000028550625
11517,11.51719739,704525.94197000004351139,714470.79763499996624887,8247833.90070999972522259,8253536.54521999973803759
27000,27.00023620,690060.69736500002909452,716626.67543699999805540,8227944.18938000034540892,8231977.76719999965280294
23950,23.94988188,703413.23084600002039224,725528.36442400002852082,8198735.52238999959081411,8207915.38915999978780746
30779,30.77927215,693537.91962599998805672,722329.31994399998802692,8180097.61108000017702579,8190946.54452999960631132
20378,20.37796715,636650.56344099994748831,625801.62998800002969801,8234898.63389999978244305,8217651.61149000003933907
23100,23.09975865,671283.69715699995867908,657652.98589500004891306,8252284.74521000031381845,8233646.83389000035822392
15916,15.91600006,657652.98589500004891306,671283.69715699995867908,8256874.67858999967575073,8265080.92313000001013279
18317,18.31655793,659322.05258100002538413,667945.56378700002096593,8189833.83341000042855740,8173699.52211999986320734
23718,23.71793009,636650.56344099994748831,648890.38579900003969669,8190946.54452999960631132,8170639.56653000041842461
22995,22.99503355,594784.80742199998348951,614813.60764399997424334,8176898.56659999955445528,8188164.76671999972313643
18371,18.37127523,551110.89582800003699958,561681.65150000003632158,8141291.81065000034868717,8156313.41081000026315451
18472,18.47231096,563211.62929499999154359,574338.74052899994421750,8108188.65471999999135733,8122932.07710999995470047
15828,15.82829754,495197.16187599999830127,504377.02864400000544265,8039941.64807000011205673,8052831.27632999978959560
11861,11.86119231,443734.27241799997864291,454165.93920000002253801,7964648.91980000026524067,7959224.45308000035583973
11484,11.48356359,442760.65018499997677281,454165.93920000002253801,7919445.03041000012308359,7918332.31929000001400709
10742,10.74244701,462001.64223800000036135,468213.91713299998082221,7904423.43025000020861626,7895660.83014999981969595
16173,16.17253700,458199.51702199998544529,462001.64223800000036135,7893157.23012000042945147,7877440.18549999967217445
16450,16.45031143,434926.03377899999031797,450549.62804899999173358,7877440.18549999967217445,7872291.72329999972134829
16673,16.67262996,419671.89437400002498180,434183.86415300000226125,7873267.51879000011831522,7865061.27426000032573938
17150,17.14972029,407153.89423600002191961,421062.78327800001716241,7667276.87206999957561493,7677152.18329000007361174
22764,22.76416533,439283.42792400001781061,460146.76148799998918548,7683411.18336000014096498,7692451.96124000009149313
19903,19.90282955,444151.53908900002716109,464041.25041999999666587,7627775.62719000037759542,7627775.62719000037759542
16293,16.29274242,427321.78334800002630800,443595.18352800002321601,7606495.02694999985396862,7606495.02694999985396862
21409,21.40942251,444707.89465099998051301,464041.25041999999666587,7568245.58208000008016825,7577147.27106999978423119
17882,17.88228255,516616.85100199998123571,505583.19011600001249462,7627775.62719000037759542,7613727.64924999978393316
11808,11.80756091,470995.69494199997279793,477671.96168200002284721,7673257.69436000008136034,7663521.47202999982982874
12270,12.27048471,472480.03419400000711903,480592.82838100002845749,7679099.42776000034064054,7669919.56099000014364719
22200,22.20034161,466452.48673200001940131,478506.49502500001108274,7684799.89900000020861626,7666164.16095000039786100
48624,48.62357591,390973.94440400000894442,438125.07825899997260422,7824075.69012000039219856,7835759.15691999997943640
30061,30.06053270,416380.48617799999192357,445310.97538700001314282,7849668.04595999978482723,7841507.43996999971568584
25812,25.81196866,522458.58439999999245629,530062.83483099995646626,7684799.89900000020861626,7660135.52685000002384186
26426,26.42558656,501688.70118400000501424,522458.58439999999245629,7703902.88879000023007393,7687953.30494000017642975
27213,27.21309278,407478.79719100001966581,429917.74709199997596443,7767327.42282999958842993,7782718.47785999998450279
7304,7.30358825,429361.39153000002261251,433071.15302899997914210,8031038.87244999967515469,8024793.99858999997377396
30354,30.35448983,411187.47205799998482689,429361.39153000002261251,8057374.48453999962657690,8033080.65388999972492456
14996,14.99643453,416380.48617799999192357,431216.27227999997558072,7923106.98010999988764524,7921437.91342000011354685
13995,13.99522814,821221.52103800000622869,834758.78195199999026954,7949625.14637000020593405,7946102.28557000029832125
7870,7.86958653,817327.03210599999874830,825116.00997000001370907,7955931.95825000014156103,7955003.97456000000238419
14467,14.46704255,781905.00358899997081608,796370.24819399998523295,7972435.72439999971538782,7972435.72439999971538782
25967,25.96687698,762619.45962600002530962,784873.68209400004707277,8055519.60379000008106232,8068871.05064000003039837
13016,13.01550007,802677.06006899999920279,812504.55948299996089190,8034562.81988000031560659,8043093.96736999973654747
16272,16.27220327,785799.49252099997829646,797669.86001399997621775,8023435.70865000039339066,8034562.81988000031560659
24104,24.10418336,726456.34811499994248152,747597.85945999994874001,8008414.10847999993711710,8019912.84783999994397163
10979,10.97947631,727569.05923799995798618,734245.32597899995744228,7872663.35142000019550323,7881378.13972000032663345
18041,18.04097614,717183.03099799994379282,725156.73629499995149672,7877485.82404999993741512,7893617.96207000035792589
46264,46.26398026,728681.77036199998110533,723859.29773899994324893,7865802.35725000035017729,7819809.57306000031530857
33971,33.97114694,718480.46955399995204061,714772.88131900003645569,7857454.85056000016629696,7823704.06199000030755997
19159,19.15944633,697154.23077699996065348,716255.04730800003744662,7863205.30688000004738569,7861720.96762000024318695
29792,29.79234015,742636.29794700001366436,718480.46955399995204061,7884903.17377999983727932,7902334.92363000009208918
13358,13.35765083,759837.68181800004094839,773003.31460200005676597,7874517.14553999993950129,7872663.35142000019550323
27849,27.84917103,740178.33646100002806634,767255.03155199997127056,7858198.10682000033557415,7851706.56751000043004751
17997,17.99737426,771149.52048399997875094,788952.89845900004729629,7804974.87358999997377396,7807569.75069999974220991
27170,27.17043713,733873.69784999999683350,760578.76481199997942895,7797185.89572999998927116,7802193.09578000009059906
14751,14.75125118,741384.49793299997691065,756127.92031800001859665,7807569.75069999974220991,7807569.75069999974220991
22695,22.69458548,731648.27560299995820969,753624.32028999994508922,7810260.25143000017851591,7815915.08413000032305717
17622,17.62215648,702161.43083199998363853,717369.93169500003568828,7769924.47319999989122152,7778826.16218999959528446
40563,40.56265088,657096.63033399998676032,695300.43665899999905378,7709559.89475999958813190,7723190.60601999983191490
14176,14.17553897,678981.39793700003065169,688067.81435700005386025,7734039.53947000019252300,7723190.60601999983191490
9511,9.51059645,667111.03044500004034489,673787.29718500003218651,7731814.11722999997437000,7725044.40013999957591295
15001,15.00131714,680835.19205499999225140,695300.43665899999905378,7737840.57806000020354986,7734039.53947000019252300
22629,22.62929427,726641.07554800005163997,745278.98686499998439103,7776505.11632999964058399,7789210.01716999989002943
17527,17.52703015,668595.36969700001645833,678981.39793700003065169,7784387.54454999975860119,7798483.33428000006824732
19857,19.85745268,507251.17016899998998269,523942.92365200002677739,8041795.44218000024557114,8031038.87244999967515469
75823,75.82280743,476837.42833999998401850,522088.04290300002321601,8009526.81960999965667725,8070355.38989999983459711
59843,59.84318897,469420.07860499998787418,462001.64223800000036135,7936087.88545999955385923,7995433.20313000027090311
28624,28.62435248,476837.42833999998401850,462001.64223800000036135,7872291.72329999972134829,7896771.36801000032573938
38079,38.07864305,416380.48617799999192357,453470.49474799999734387,7905303.60212999954819679,7896771.36801000032573938
24801,24.80104076,808796.97124800004530698,829566.85446399997454137,8006929.76922999974340200,8019169.59159000031650066
25189,25.18861874,735358.03710199997294694,759837.68181800004094839,8061083.15940999984741211,8067017.25652999989688396
62126,62.12645540,808796.97124800004530698,855159.21030300005804747,8054963.24823000002652407,8096318.28722999989986420
73138,73.13843027,795072.80963799997698516,864060.89928999997209758,8092801.94622000027447939,8117089.25707999989390373
25530,25.52955589,728681.77036199998110533,753902.49807099997997284,8092980.15385999996215105,8096318.28722999989986420
53669,53.66900292,661312.76232500001788139,699379.65302399999927729,8081482.50112999975681305,8119314.67932999972254038
18446,18.44565548,692394.78280799998901784,706799.17602200002875179,8081482.50112999975681305,8092980.15385999996215105
46345,46.34506920,680463.56392600003164262,714772.88131900003645569,8083336.29525000043213367,8114492.20669999998062849
116610,116.61013937,728681.77036199998110533,621270.37472900003194809,8175320.77699000015854836,8130070.16242999956011772
32416,32.41640453,717183.03099799994379282,717183.03099799994379282,8048471.70892000012099743,8016055.30439999978989363
28451,28.45126034,695300.43665899999905378,704036.95758899999782443,8039570.01994000002741814,8012493.32485000044107437
17110,17.10981284,672870.17981400003191084,674158.92531399999279529,8064049.66464999970048666,8046988.45629999972879887
16222,16.22204417,664144.52520300005562603,667111.03044500004034489,8062936.95352999959141016,8046988.45629999972879887
27732,27.73186951,621270.37472900003194809,635585.66412400000263005,8075918.94550999999046326,8052180.38379000034183264
16224,16.22394700,651163.61985100002493709,654130.12509300000965595,8062936.95352999959141016,8046988.45629999972879887
44469,44.46895686,608508.96903200005181134,648566.56947600003331900,8088157.68123999983072281,8068871.05064000003039837
28051,28.05146753,578094.14057100005447865,604429.75266799994278699,8092980.15385999996215105,8083336.29525000043213367
57202,57.20245380,550276.36248500004876405,602945.41341499995905906,8094463.40648000035434961,8072209.18400999996811152
28066,28.06574584,717183.03099799994379282,720892.79249799996614456,7969191.04138000030070543,7997004.47293999977409840
33037,33.03706596,746113.52020699996501207,757612.25957100000232458,7953708.70927000045776367,7984675.54676000028848648
15747,15.74732968,710878.39238700002897531,723859.29773899994324893,7820365.92862000036984682,7811464.23964000027626753
12688,12.68845213,697897.48703499999828637,708652.97013999999035150,7824447.31824999954551458,7817768.87825000006705523
8407,8.40695108,689736.88104200002271682,695300.43665899999905378,7835200.62808999978005886,7828898.16275000013411045
10816,10.81557057,671561.87493799999356270,680835.19205499999225140,7769924.47319999989122152,7764358.74431999959051609
17852,17.85200081,676012.71943199995439500,691590.67515999998431653,7780864.68374000024050474,7772147.72219000011682510
20250,20.25036137,686398.74767199996858835,704202.12564700003713369,7794030.31653000041842461,7784387.54454999975860119
40011,40.01124366,668595.36969700001645833,704202.12564700003713369,7875677.66846999991685152,7857454.85056000016629696
36121,36.12126860,729794.48148499999660999,759837.68181800004094839,7951296.38631999958306551,7931267.58609999995678663
95650,95.64993257,656727.17546900000888854,726456.34811499994248152,8019169.59159000031650066,7953708.70927000045776367
66481,66.48135683,567338.65746599994599819,631875.90262399998027831,8062936.95352999959141016,8046988.45629999972879887
50199,50.19916901,528334.00338899996131659,578094.14057100005447865,8028072.36720999982208014,8021516.71660999953746796
84837,84.83686603,486050.98069900000700727,570617.02607899997383356,7997004.47293999977409840,7990699.83432999998331070
118168,118.16837674,467194.65635800000745803,571233.14639799995347857,7920138.30159999988973141,7976147.65916999988257885
30574,30.57417247,742034.30384299997240305,728681.77036199998110533,7938734.92090999986976385,7911238.78588000033050776
41897,41.89728106,708652.97013999999035150,720892.79249799996614456,7908270.10737000033259392,7948327.70782000012695789
22258,22.25782780,704202.12564700003713369,704202.12564700003713369,7880080.70115999970585108,7902334.92363000009208918
113486,113.48554173,638552.16936499997973442,692394.78280799998901784,7757682.47757999971508980,7857454.85056000016629696
77519,77.51889145,597010.22966900002211332,621270.37472900003194809,7811464.23964000027626753,7737840.57806000020354986
41636,41.63604161,561775.10184899996966124,561775.10184899996966124,7766584.16657000035047531,7725044.40013999957591295
22013,22.01338055,578094.14057100005447865,580454.30518000002484769,7791807.06754000019282103,7769924.47319999989122152
52608,52.60796140,545454.97649499995168298,597010.22966900002211332,7825560.02938000019639730,7815174.00114000029861927
31064,31.06430335,487593.99807700002565980,515782.31765899999300018,7819624.84563000034540892,7806641.76700999960303307
26411,26.41058797,532102.44301399996038526,535811.11788100004196167,7759166.81684000045061111,7733018.10544000007212162
19359,19.35913371,528022.14001700002700090,532102.44301399996038526,7747298.62260999996215105,7728382.53351000044494867
22795,22.79475131,523942.92365200002677739,530247.56226399994920939,7743960.48924000002443790,7722075.72162999957799911
68045,68.04518253,515782.31765899999300018,523942.92365200002677739,7786612.96678999997675419,7719109.21638999972492456
119014,119.01445585,505583.19011600001249462,520975.33177900000009686,7753231.63308999966830015,7635286.42726999986916780
51105,51.10488593,417122.65580399997998029,466452.48673200001940131,7644188.11625999957323074,7657538.47647999972105026
48445,48.44474585,483143.15358300000661984,528022.14001700002700090,7680535.95519999973475933,7662360.94909999985247850
40557,40.55693895,445310.97538700001314282,458199.51702199998544529,7813318.03375000040978193,7851754.37932000029832125
84950,84.94980674,434183.86415300000226125,442065.20573300000978634,7722075.72162999957799911,7806641.76700999960303307
19081,19.08104923,623715.29663100000470877,637067.83011199999600649,7868862.31283999979496002,7882493.02410000003874302
30281,30.28089412,601461.07416299998294562,623715.29663100000470877,7841507.43996999971568584,7862001.31866999994963408
28750,28.74991342,618708.09657599998172373,647453.85835200001019984,7825560.02938000019639730,7825560.02938000019639730
35339,35.33908032,661312.76232500001788139,678981.39793700003065169,7828898.16275000013411045,7859497.71863999962806702
53821,53.82066236,685409.91259099997114390,699379.65302399999927729,7886759.14116000011563301,7938734.92090999986976385
50432,50.43236369,631875.90262399998027831,667111.03044500004034489,7841507.43996999971568584,7877485.82404999993741512
84715,84.71548214,589592.87993399996776134,661312.76232500001788139,7931267.58609999995678663,7976147.65916999988257885
106907,106.90738142,460146.76148799998918548,550276.36248500004876405,7853747.26233000028878450,7911238.78588000033050776
68021,68.02131478,394496.80520699999760836,460146.76148799998918548,7626384.73828000016510487,7644188.11625999957323074
50138,50.13754978,400060.36082399997394532,442065.20573300000978634,7689531.09453999996185303,7716792.51706000044941902
229332,229.33171472,274324.00387700001010671,458199.51702199998544529,7702049.09468000009655952,7837799.85173000022768974
282195,282.19534029,614535.42986300005577505,342199.38240599998971447,7825560.02938000019639730,7898442.60795999970287085
70135,70.13470123,748617.12023500003851950,817327.03210599999874830,7951296.38631999958306551,7939056.56395999994128942
116921,116.92117453,614535.42986300005577505,731207.10302899999078363,7964092.56424000021070242,7959363.54196999967098236
13706,13.70635505,572953.39977899997029454,586659.75482699996791780,7761294.41638999991118908,7761294.41638999991118908
21785,21.78468926,589596.83090900001116097,611380.14518099999986589,7760315.39102999959141016,7760560.14737000036984682
18114,18.11362285,506624.43160100001841784,506869.18794099998194724,7784546.26869999989867210,7802658.23787000030279160
29530,29.53043820,485330.63000900001497939,501484.54845800000475720,7778427.36019999999552965,7803147.75054999999701977
14363,14.36310807,546263.30364000005647540,557545.40541400003712624,7741290.44185999967157841,7750179.37052999995648861
11434,11.43389152,479254.45673999999416992,488998.09009000001242384,7792743.66358000040054321,7798726.59633999969810247
13720,13.72007350,492416.90880899998592213,504211.83339099999284372,7802145.41505999956279993,7809153.99344000034034252
11277,11.27692056,461220.18799499998567626,472160.40789700002642348,7555648.58538999967277050,7558383.64037000015377998
10825,10.82475969,458827.01489099999889731,469254.41198500001337379,7557528.93568999972194433,7560434.93159999977797270
8392,8.39178984,431647.40607199998339638,440023.51193500001681969,7598554.76032000035047531,7599067.58313000015914440
6269,6.26912919,415066.13528300001053140,421220.00897800002712756,7600606.05154999997466803,7599409.46499999985098839
6840,6.83977387,423271.30020900000818074,430108.93764800002099946,7580947.84391999989748001,7580776.90297999978065491
18159,18.15920616,455408.19617200002539903,473527.93538500001886860,7584537.60357000026851892,7585734.19012000039219856
4163,4.16268381,476775.81316800002241507,480707.45469500002218410,7585734.19012000039219856,7587101.71760999970138073
17449,17.44937745,482929.68686299998080358,500365.66233199997805059,7586588.89479999989271164,7587272.65854999981820583
11259,11.25876752,506861.41789899999275804,501220.36701200000243261,7604024.87026999983936548,7613768.50361999962478876
6362,6.36166747,582246.37066200003027916,587716.48061299999244511,7686931.22422000020742416,7690179.10199999995529652
9388,9.38775498,413527.66685899998992682,421390.94991399999707937,7764709.35008999984711409,7769837.57816000003367662
15749,15.74884697,421732.83178599999519065,435749.98853500001132488,7771205.10565000027418137,7778384.62495999969542027
13012,13.01173839,398655.80543000000761822,411476.37562800000887364,7817359.15835999976843596,7815136.92619999963790178
6290,6.29006900,508058.00445100001525134,512673.40972200001124293,7777871.80216000042855740,7773598.27876000013202429
6327,6.32712422,512160.58691399998497218,516092.22844099998474121,7771034.16471999976783991,7766076.87756999954581261
9627,9.62748093,508741.76819500001147389,509767.41380999999819323,7771888.86940000019967556,7762316.17697999998927116
7358,7.35840669,471647.58508900000015274,477972.39971999998670071,7785735.08521000016480684,7781974.38461999967694283
6462,6.46192915,477459.57691200001863763,481391.21843900001840666,7779923.09339000005275011,7774794.86531000025570393
11700,11.70040447,586007.07125299994368106,596605.40928300004452467,7785051.32146999984979630,7780094.03431999962776899
8508,8.50763954,564126.63144899997860193,571989.91450399998575449,7804709.52909999992698431,7801461.65132000017911196
7529,7.52916722,715751.24165500001981854,721563.23347800003830343,7909667.26379000023007393,7904880.91758000012487173
4378,4.37822420,713699.95042300003115088,717118.76914200000464916,7906590.32694000005722046,7903855.27197000011801720
9967,9.96748375,737460.74052300001494586,746007.78732100001070648,7906932.20880999974906445,7901803.98072999995201826
8219,8.21939766,749426.60604099999181926,743614.61421799997333437,7913769.84625000040978193,7919581.83806999959051609
13609,13.60887406,491476.73366199998417869,480023.69095199997536838,7902658.68541000038385391,7895308.22517000045627356
10598,10.59833803,454040.66868399997474626,454040.66868399997474626,8040437.07981000002473593,8029838.74177999980747700
9266,9.26556641,436433.75227900000754744,442074.80316599999787286,8025565.21838000044226646,8018214.75812999997287989
11123,11.12298891,453869.72774800000479445,461562.06986699998378754,8072061.15295999962836504,8080095.37695000041276217
11694,11.69415926,453356.90493999997852370,446177.38562900002580136,8070351.74359999969601631,8061120.93305999971926212
10168,10.16775310,435920.92947099998127669,444980.79907800001092255,8055479.88217000011354685,8060095.28744000010192394
16001,16.00102125,349766.69774199998937547,364980.44104399997740984,8143685.40512999985367060,8148642.69227000046521425
11941,11.94142041,349766.69774199998937547,352501.75271799997426569,8230523.40060000028461218,8218899.41696000006049871
15383,15.38278478,441049.15755000000353903,444980.79907800001092255,8191719.80814000032842159,8206591.66956999991089106
10780,10.78012690,420365.30429800000274554,423100.35927399998763576,8177360.76951999962329865,8187788.16660999972373247
11331,11.33120519,424296.94582500000251457,426519.17799300001934171,8169839.36832999996840954,8180950.52916999999433756
10572,10.57211302,459168.89676299999700859,463271.47922699997434393,8232916.57371000014245510,8242660.20705999992787838
11429,11.42905448,458656.07395500002894551,467545.00262599997222424,8248814.08074999973177910,8241634.56144000031054020
12238,12.23750867,445151.74001399998087436,457117.60553200001595542,8258728.65503999963402748,8256164.54100000020116568
15130,15.12996283,491134.85178999998606741,499169.07578000001376495,8296335.66095000039786100,8309156.23115000035613775
19587,19.58747434,498827.19390800001565367,509254.59100299997953698,8304540.82588000036776066,8321122.09666999988257885
21763,21.76327194,501049.42607599997427315,513357.17346600000746548,8297361.30657000001519918,8315310.10484999977052212
8716,8.71631168,549596.65189099998679012,553357.35248300002422184,8197531.79996000044047832,8205395.08301999978721142
13686,13.68595452,542075.25070900004357100,548400.06533999997191131,8182488.99760000035166740,8194625.80405000038444996
12217,12.21719545,458827.01489099999889731,470450.99853699997765943,8161292.32153999991714954,8165053.02213000040501356
12571,12.57084348,540365.84134899999480695,551989.82499500003177673,8146249.51917000021785498,8151035.86538000032305717
9402,9.40175148,618656.79002299997955561,626178.19120600004680455,8159411.97123999986797571,8153770.92035000026226044
17686,17.68639880,598656.70051500003319234,615237.97130400000605732,8167104.31336000002920628,8160950.43965999968349934
12002,12.00243982,647887.69007400004193187,657631.32342499995138496,8165223.96305999998003244,8158215.38468999974429607
12869,12.86947997,683272.46381999994628131,693187.03810600005090237,8215480.59824000019580126,8223685.76317000016570091
11534,11.53439720,597460.11396300001069903,606349.04263399995397776,8245395.26202999986708164,8238044.80178999993950129
7775,7.77546414,614212.32568799995351583,618485.84908700000960380,8232403.75090000033378601,8225907.99533000029623508
10039,10.03905133,616605.49879199999850243,623443.13623099995311350,8210010.48828999977558851,8217360.94852999970316887
6603,6.60283568,690110.10125900001730770,696263.97495399997569621,8204027.55552999954670668,8206420.72862999979406595
11289,11.28857495,694896.44746599998325109,704469.13988100003916770,8214454.95261999964714050,8220437.88537999987602234
11247,11.24708223,736606.03584300004877150,744298.37796199996955693,8174454.77360999956727028,8182659.93852999992668629
17732,17.73177506,748400.96042500005569309,763101.88091800000984222,8135309.29927000030875206,8145223.87356000021100044
7683,7.68283953,738144.50426700001116842,745324.02357700001448393,8137018.70863000024110079,8134283.65364999976009130
15291,15.29133318,797119.12717600003816187,812332.87047800002619624,8131890.48055000044405460,8130352.01212999969720840
25997,25.99707611,825495.32254700001794845,850794.58107099996414036,8034966.96984999999403954,8028984.03710000030696392
11864,11.86408913,754212.95224799995776266,763785.64466200000606477,7996847.14113000035285950,8003855.71951000019907951
9611,9.61077313,741563.32298599998466671,747546.25574499997310340,7996163.37739000003784895,8003684.77857000008225441
24466,24.46606142,775922.45111599995288998,800367.00496000004932284,7927616.06206999998539686,7926590.41645000036805868
8063,8.06326782,780366.91545099997892976,788401.13944199995603412,7901803.98072999995201826,7902487.74447999987751245
6498,6.49800440,635921.82455599994864315,642417.58012299996335059,7761119.59042999986559153,7761290.53136999998241663
3670,3.67025755,634212.41519700002390891,637460.29298000002745539,7764196.52728000003844500,7762487.11792000010609627
8666,8.66587937,535750.43607799999881536,543784.66006799996830523,7817359.15835999976843596,7820607.03615000005811453
7422,7.42167197,465835.59326599998166785,469425.35292099998332560,7852402.05023999977856874,7845906.29466999974101782
5470,5.47010995,470450.99853699997765943,475921.10848799999803305,7844538.76718000043183565,7844538.76718000043183565
4619,4.61856976,427373.88267299998551607,431989.28794399998150766,7888641.52866000030189753,7888812.46960000041872263
6304,6.30399023,428570.46922500000800937,432673.05168799997773021,7895650.10704000014811754,7890863.76083000004291534
8891,8.89057218,446861.14937300002202392,447032.09030899999197572,7886419.29650000017136335,7877530.36782999988645315
7624,7.62365912,480707.45469500002218410,485835.68277499999385327,7899923.63044000044465065,7905564.68132000043988228
8823,8.82293720,491134.85178999998606741,496263.07986900000832975,7912231.37782999966293573,7919410.89714000001549721
15906,15.90577623,532844.44016600004397333,548741.94721200002823025,8084881.72315999958664179,8084368.90034999977797270
6194,6.19410325,555066.76184299995657057,558998.40336999995633960,8189155.69409999996423721,8193942.04031000006943941
7303,7.30259999,561220.63553700002375990,568058.27297599997837096,8193942.04031000006943941,8196506.15435000043362379
6876,6.87599158,595750.70460299996193498,599682.34613099996931851,8227959.28655999992042780,8222318.23567999992519617
18640,18.63961788,608913.15667299996130168,622759.37248699995689094,8255651.71819000039249659,8268130.40651999972760677
19605,19.60536790,642075.69825100002344698,656605.67780900001525879,8257019.24567999970167875,8270181.69775000028312206
16072,16.07208461,616605.49879199999850243,616263.61691999994218349,8270181.69775000028312206,8286250.14572999998927116
8825,8.82459300,627887.60056599997915328,629255.12805399997159839,8270352.63869000039994717,8279070.62641999963670969
16318,16.31836950,642246.63918699999339879,653699.68189699994400144,8270181.69775000028312206,8281805.68140000011771917
17207,17.20654474,639511.58421200001612306,650793.68598599999677390,8271378.28430000040680170,8284369.79543999955058098
8974,8.97399213,654212.50470499997027218,660024.49652799998875707,8274968.04396000038832426,8281805.68140000011771917
16275,16.27533670,657289.44155300001148134,670451.89362200000323355,8273600.51647000014781952,8283173.20887999981641769
13559,13.55939881,641904.75731500005349517,649426.15849800000432879,8278215.92174000013619661,8289498.02350999973714352
8362,8.36213986,628571.36430999997537583,634041.47426100005395710,8256848.30473999958485365,8263173.11937000043690205
8492,8.49216953,654383.44564100005663931,660879.20120799995493144,8261805.59188999980688095,8267275.70184000022709370
11928,11.92795425,651135.56785800005309284,656263.79593699995893985,8217873.77134000044316053,8228643.05030999984592199
14881,14.88070058,643101.34386699995957315,657973.20529700000770390,8303344.23933000024408102,8302831.41652000043541193
11800,11.79987835,662759.55150399997364730,674554.47608599998056889,8304198.94400999974459410,8303857.06214000005275011
10099,10.09854467,545323.12849200004711747,550964.17937899997923523,8224711.40878000017255545,8233087.51463999971747398
20439,20.43941851,546006.89223600004334003,563784.74957700003869832,8237019.15617000032216311,8226933.64094999991357327
10942,10.94155530,554553.93903500004671514,559853.10805000003892928,8232916.57371000014245510,8242489.26611999981105328
10478,10.47771727,570280.50514400005340576,575237.79228699998930097,8226933.64094999991357327,8236164.45148999989032745
15421,15.42072954,562930.04489699995610863,570964.26888800004962832,8245737.14391000010073185,8258899.59597999975085258
21430,21.42974916,540536.78228499996475875,552502.64780300005804747,8236164.45148999989032745,8253942.30883000046014786
15171,15.17142939,508912.70913099998142570,517288.81499300000723451,8243856.79361000005155802,8256506.42286999989300966
19012,19.01213666,527203.38927899999544024,537630.78637400001753122,8267446.64276999980211258,8283344.14981999993324280
15798,15.79793922,522246.10213600000133738,531476.91267899994272739,8336848.66277999989688396,8349669.23297999985516071
11725,11.72535206,536092.31795000005513430,544297.48287599999457598,8348643.58736000023782253,8357019.69321999978274107
14699,14.69893267,694383.62465799995698035,708913.60421599994879216,8209497.66547999996691942,8207275.43331000022590160
12608,12.60798047,643956.04854700004216284,656263.79593699995893985,8192745.45375000033527613,8190010.39878000039607286
22670,22.67014542,590280.59465199999976903,611135.38884100003633648,8170181.25021000020205975,8179070.17887999955564737
5784,5.78427352,507416.97594099998241290,512887.08589200000278652,7716760.41755000036209822,7714880.06725000031292439
4478,4.47803266,507929.79874900000868365,512032.38121199997840449,7713085.18742000032216311,7711290.30759000033140182
4474,4.47395244,498528.04726999998092651,501604.98411800002213567,7689324.39732000045478344,7692572.27510999981313944
3078,3.07812371,510408.44231999997282401,513485.37916800001403317,7733170.74739999976009130,7733085.27692999970167875
3819,3.81948769,501434.04318199999397621,503912.68675300001632422,7765991.40711000002920628,7763085.41119000036269426
3808,3.80799472,509211.85576900001615286,512972.55635999998776242,7743170.79215000011026859,7743769.08542999997735023
16465,16.46454964,792119.10479899996425956,808187.55278000002726912,7865906.38418000005185604,7862316.62452000007033348
6605,6.60504805,792973.80947900004684925,794170.39603099995292723,7866077.32512000016868114,7872573.08067999966442585
7009,7.00857837,794683.21883899997919798,794683.21883899997919798,7864538.85668999981135130,7857530.27831999957561493
5589,5.58901056,793828.51415900001302361,798956.74223800003528595,7857017.45550999976694584,7854795.22334000002592802
10138,10.13753255,780153.23928099998738617,790238.75450399995315820,7852231.10929999966174364,7853256.75492000021040440
14868,14.86793123,808871.31652400002349168,823059.41420999995898455,7875479.07658999972045422,7871034.61225999984890223
8853,8.85269424,738614.59184100001584738,729896.60410600004252046,7848641.34965000022202730,7850179.81807000003755093
4159,4.15917248,792119.10479899996425956,792802.86854299996048212,7879068.83624999970197678,7883171.41870999988168478
9364,9.36438100,763742.90942799998447299,772460.89716299995779991,7891376.58363999985158443,7894795.40235999971628189
7350,7.35046025,762717.26381200004834682,770067.72405900002922863,7899752.68950000032782555,7899752.68950000032782555
6194,6.19410325,810067.90307600004598498,814854.24928300001192838,7851889.22742999996989965,7847957.58590000029653311
13234,13.23440579,785794.29016800003591925,793486.63228699995670468,8054967.05936000030487776,8065736.33832999970763922
12489,12.48922134,784768.64455299999099225,795537.92351899994537234,8043172.13477999996393919,8036847.32015000004321337
8223,8.22295199,776734.42056200001388788,784426.76268100005108863,8047958.48099000006914139,8045052.48508000001311302
15052,15.05154112,862033.94761100003961474,877076.74997600005008280,8049667.89035000000149012,8050180.71315999981015921
6702,6.70166958,707332.40055799996480346,713999.09706099994946271,8027445.56866999994963408,8026761.80492999963462353
5272,5.27221864,715751.24165500001981854,720793.99926599999889731,7933257.11294999998062849,7931718.64453000016510487
5220,5.21999994,731990.63057200005277991,736007.74256699997931719,7903769.80150000005960464,7900436.45325000025331974
6830,6.82961988,705323.84455999999772757,712076.01153100002557039,7912060.43688999954611063,7911034.79127999953925610
5888,5.88754433,679682.70416500000283122,681050.23165299999527633,7898983.45528999995440245,7893256.93393999990075827
4619,4.61856976,693272.50857399997767061,696178.50448600004892796,7942060.57115000020712614,7945650.33081000018864870
5737,5.73671771,716520.47586600005161017,721306.82207400002516806,7898043.28014000039547682,7894880.87282999977469444
5017,5.01661411,716178.59399399999529123,719682.88318200001958758,7812059.98935000039637089,7808470.22969000041484833
3966,3.96586656,693785.33138200000394136,696947.73869799997191876,7792743.66358000040054321,7790350.49048000015318394
5928,5.92773281,690366.51266300003044307,694725.50653000001329929,7831290.84465000033378601,7827273.73264999967068434
4071,4.07130211,682417.75913999998010695,685580.16645599994808435,7832401.96073000039905310,7829837.84669000003486872
9796,9.79597463,673870.71234199998434633,682417.75913999998010695,7806333.46798999980092049,7801547.12179000023752451
4626,4.62568194,689169.92611100000794977,691306.68781100003980100,7777957.27261999994516373,7773854.69015999976545572
5287,5.28674745,691563.09921500005293638,694554.56559400004334748,7776247.86326000001281500,7771888.86940000019967556
6171,6.17106249,671563.00970599998254329,676520.29684900003485382,7753427.24830999970436096,7749752.01819000020623207
9420,9.42038112,690879.33547100005671382,700110.14601300004869699,7741034.03045000042766333,7739153.68015999998897314
8418,8.41829875,649426.15849800000432879,654981.73891700000967830,7730179.28101999964565039,7736504.09564999956637621
7334,7.33354546,669255.30707099998835474,675152.76936200005002320,7804538.58817000035196543,7800179.59429999999701977
5810,5.81010614,675665.59216999995987862,680879.29071700002532452,7809752.28670999966561794,7807188.17267000023275614
5414,5.41440405,686862.22347600001376122,687973.33955899998545647,7828470.31919999979436398,7823171.15019000042229891
